-- phpMyAdmin SQL Dump
-- version 4.7.0
-- https://www.phpmyadmin.net/
--
-- Máy chủ: 127.0.0.1
-- Thời gian đã tạo: Th7 10, 2017 lúc 05:34 PM
-- Phiên bản máy phục vụ: 10.1.22-MariaDB
-- Phiên bản PHP: 7.1.4

SET SQL_MODE = "NO_AUTO_VALUE_ON_ZERO";
SET AUTOCOMMIT = 0;
START TRANSACTION;
SET time_zone = "+00:00";


/*!40101 SET @OLD_CHARACTER_SET_CLIENT=@@CHARACTER_SET_CLIENT */;
/*!40101 SET @OLD_CHARACTER_SET_RESULTS=@@CHARACTER_SET_RESULTS */;
/*!40101 SET @OLD_COLLATION_CONNECTION=@@COLLATION_CONNECTION */;
/*!40101 SET NAMES utf8mb4 */;

--
-- Cơ sở dữ liệu: `cnews`
--

-- --------------------------------------------------------

--
-- Cấu trúc bảng cho bảng `cat`
--

CREATE TABLE `cat` (
  `id_cat` int(255) NOT NULL,
  `name` varchar(120) COLLATE utf8_unicode_ci NOT NULL
) ENGINE=InnoDB DEFAULT CHARSET=utf8 COLLATE=utf8_unicode_ci;

--
-- Đang đổ dữ liệu cho bảng `cat`
--

INSERT INTO `cat` (`id_cat`, `name`) VALUES
(1, 'Thời sự'),
(2, 'Góc nhìn'),
(3, 'Thế giới'),
(4, 'Kinh doanh'),
(33, 'Thể Thao');

-- --------------------------------------------------------

--
-- Cấu trúc bảng cho bảng `news`
--

CREATE TABLE `news` (
  `id_news` int(255) NOT NULL,
  `name` varchar(200) COLLATE utf8_unicode_ci NOT NULL,
  `preview_text` text COLLATE utf8_unicode_ci NOT NULL,
  `detail_text` text COLLATE utf8_unicode_ci,
  `id_cat` int(255) NOT NULL,
  `id_user` int(255) NOT NULL,
  `picture` varchar(120) COLLATE utf8_unicode_ci DEFAULT NULL,
  `numread` int(255) DEFAULT NULL
) ENGINE=InnoDB DEFAULT CHARSET=utf8 COLLATE=utf8_unicode_ci;

--
-- Đang đổ dữ liệu cho bảng `news`
--

INSERT INTO `news` (`id_news`, `name`, `preview_text`, `detail_text`, `id_cat`, `id_user`, `picture`, `numread`) VALUES
(3, 'Nhóm phượt \'cứu người được khen thưởng\'', 'Sáng 6/9, Ủy ban An toàn giao thông quốc gia cùng Trung ương Đoàn TNCS Hồ Chí Minh tặng bằng khen cho đoàn phượt Phong Vân vì tham gia cứu hàng chục nạn nhân vụ xe khách Sao Việt lao xuống vực tại dốc Tòng Sành (Bát Xát, Lào Cai).', '<p>Tại buổi trao tặng, Bộ trưởng Giao th&ocirc;ng vận tải Đinh La Thăng cảm ơn đo&agrave;n phượt kh&ocirc;ng ngại trời tối, vực s&acirc;u, l&agrave; những người đầu ti&ecirc;n đưa h&agrave;ng chục nạn nh&acirc;n l&ecirc;n khỏi vực. &quot;T&ocirc;i đ&aacute;nh gi&aacute; cao tấm l&ograve;ng v&agrave; sự dũng cảm của c&aacute;c bạn, kh&ocirc;ng quản hiểm nguy tham gia cứu hộ. Ch&iacute;nh v&igrave; vậy mới giảm được thương vong&quot;, Bộ trưởng Thăng n&oacute;i. Ngo&agrave;i bằng khen, nh&oacute;m được thưởng 12 triệu đồng v&agrave; 16 chiếc mũ bảo hiểm c&ugrave;ng lời dặn &quot;đi phượt th&igrave; an to&agrave;n phải l&agrave; số một&quot;. Số tiền thưởng 500.000 đồng mỗi c&aacute; nh&acirc;n trước đ&oacute; từ Th&agrave;nh đo&agrave;n H&agrave; Nội đ&atilde; được Phong V&acirc;n ủng hộ lại cho quỹ từ thiện của Th&agrave;nh đo&agrave;n.</p>', 2, 2, '', 0),
(5, 'CI thật tốt', 'Trên khắp cả nước, từ Hà Nội cho tới Sài Gòn, sắc màu rộn ràng của Trung thu đã ngập tràn, sẵn sàng cho một đêm lễ hội đầy ý nghĩa.', '<p>Tr&ecirc;n khắp cả nước, từ H&agrave; Nội cho tới S&agrave;i G&ograve;n, sắc m&agrave;u rộn r&agrave;ng của Trung thu đ&atilde; ngập tr&agrave;n, sẵn s&agrave;ng cho một đ&ecirc;m lễ hội đầy &yacute; nghĩa.Tr&ecirc;n khắp cả nước, từ H&agrave; Nội cho tới S&agrave;i G&ograve;n, sắc m&agrave;u rộn r&agrave;ng của Trung thu đ&atilde; ngập tr&agrave;n, sẵn s&agrave;ng cho một đ&ecirc;m lễ hội đầy &yacute; nghĩa.Tr&ecirc;n khắp cả nước, từ H&agrave; Nội cho tới S&agrave;i G&ograve;n, sắc m&agrave;u rộn r&agrave;ng của Trung thu đ&atilde; ngập tr&agrave;n, sẵn s&agrave;ng cho một đ&ecirc;m lễ hội đầy &yacute; nghĩa.Tr&ecirc;n khắp cả nước, từ H&agrave; Nội cho tới S&agrave;i G&ograve;n, sắc m&agrave;u rộn r&agrave;ng của Trung thu đ&atilde; ngập tr&agrave;n, sẵn s&agrave;ng cho một đ&ecirc;m lễ hội đầy &yacute; nghĩa.Tr&ecirc;n khắp cả nước, từ H&agrave; Nội cho tới S&agrave;i G&ograve;n, sắc m&agrave;u rộn r&agrave;ng của Trung thu đ&atilde; ngập tr&agrave;n, sẵn s&agrave;ng cho một đ&ecirc;m lễ hội đầy &yacute; nghĩa.Tr&ecirc;n khắp cả nước, từ H&agrave; Nội cho tới S&agrave;i G&ograve;n, sắc m&agrave;u rộn r&agrave;ng của Trung thu đ&atilde; ngập tr&agrave;n, sẵn s&agrave;ng cho một đ&ecirc;m lễ hội đầy &yacute; nghĩa.Tr&ecirc;n khắp cả nước, từ H&agrave; Nội cho tới S&agrave;i G&ograve;n, sắc m&agrave;u rộn r&agrave;ng của Trung thu đ&atilde; ngập tr&agrave;n, sẵn s&agrave;ng cho một đ&ecirc;m lễ hội đầy &yacute; nghĩa.Tr&ecirc;n khắp cả nước, từ H&agrave; Nội cho tới S&agrave;i G&ograve;n, sắc m&agrave;u rộn r&agrave;ng của Trung thu đ&atilde; ngập tr&agrave;n, sẵn s&agrave;ng cho một đ&ecirc;m lễ hội đầy &yacute; nghĩa.Tr&ecirc;n khắp cả nước, từ H&agrave; Nội cho tới S&agrave;i G&ograve;n, sắc m&agrave;u rộn r&agrave;ng của Trung thu đ&atilde; ngập tr&agrave;n, sẵn s&agrave;ng cho một đ&ecirc;m lễ hội đầy &yacute; nghĩa.Tr&ecirc;n khắp cả nước, từ H&agrave; Nội cho tới S&agrave;i G&ograve;n, sắc m&agrave;u rộn r&agrave;ng của Trung thu đ&atilde; ngập tr&agrave;n, sẵn s&agrave;ng cho một đ&ecirc;m lễ hội đầy &yacute; nghĩa.</p>', 1, 1, '', 0),
(17, 'Thẻ tín dụng của nạn nhân tại hiện trường MH17 bị lấy đi', 'Các quan sát viên châu Âu hôm qua lần đầu tiên chỉ ra rằng, thẻ tín dụng và thẻ ghi nợ của các nạn nhân thiệt mạng trong vụ máy bay Malaysia', 'Các quan sát viên châu Âu hôm qua lần đầu tiên chỉ ra rằng, thẻ tín dụng và thẻ ghi nợ của các nạn nhân thiệt mạng trong vụ máy bay MalaysiaCác quan sát viên châu Âu hôm qua lần đầu tiên chỉ ra rằng, thẻ tín dụng và thẻ ghi nợ của các nạn nhân thiệt mạng trong vụ máy bay MalaysiaCác quan sát viên châu Âu hôm qua lần đầu tiên chỉ ra rằng, thẻ tín dụng và thẻ ghi nợ của các nạn nhân thiệt mạng trong vụ máy bay Malaysia', 1, 1, 'e99fb9a54eba6a062bf4183503ae2611.jpeg', 0),
(18, '2 nhà máy vàng đóng cửa chưa có phương án trả nợ thuế', '2 nhà máy vàng đóng cửa chưa có phương án trả nợ thuế2 nhà máy vàng đóng cửa chưa có phương án trả nợ thuế', '2 nhà máy vàng đóng cửa chưa có phương án trả nợ thuế2 nhà máy vàng đóng cửa chưa có phương án trả nợ thuế2 nhà máy vàng đóng cửa chưa có phương án trả nợ thuế2 nhà máy vàng đóng cửa chưa có phương án trả nợ thuế2 nhà máy vàng đóng cửa chưa có phương án trả nợ thuế2 nhà máy vàng đóng cửa chưa có phương án trả nợ thuế', 1, 2, 'e99fb9a54eba6a062bf4183503ae2611.jpeg', 0),
(32, 'U19 Việt Nam 0-0 U19 Australia (hiệp hai)', '<p>U19 Việt Nam 0-0 U19 Australia (hiệp hai)U19 Việt Nam 0-0 U19 Australia (hiệp hai)</p>\r\n', '<p>U19 Việt Nam 0-0 U19 Australia (hiệp hai)U19 Việt Nam 0-0 U19 Australia (hiệp hai)U19 Việt Nam 0-0 U19 Australia (hiệp hai)U19 Việt Nam 0-0 U19 Australia (hiệp hai)U19 Việt Nam 0-0 U19 Australia (hiệp hai)U19 Việt Nam 0-0 U19 Australia (hiệp hai)U19 Việt Nam 0-0 U19 Australia (hiệp hai)U19 Việt Nam 0-0 U19 Australia (hiệp hai)U19 Việt Nam 0-0 U19 Australia (hiệp hai)U19 Việt Nam 0-0 U19 Australia (hiệp hai)U19 Việt Nam 0-0 U19 Australia (hiệp hai)U19 Việt Nam 0-0 U19 Australia (hiệp hai)U19 Việt Nam 0-0 U19 Australia (hiệp hai)U19 Việt Nam 0-0 U19 Australia (hiệp hai)</p>\r\n', 1, 1, 'e99fb9a54eba6a062bf4183503ae2611.jpeg', 0),
(37, 'Mỹ hoài nghi về lệnh ngừng bắn ở Ukraine', '<p>Tổng thống Mỹ Barack Obama h&ocirc;m qua nghi ngờ về lệnh ngừng bắn mới ở Ukraine v&agrave; hứa hẹn về một lệnh trừng phạt mới để tiếp tục g&acirc;y &aacute;p lực đối với Nga.</p>\r\n', '<p>&quot;Ch&uacute;ng t&ocirc;i hy vọng, nhưng dựa tr&ecirc;n những kinh nghiệm trong qu&aacute; khứ, ch&uacute;ng t&ocirc;i cũng ho&agrave;i nghi về việc liệu phe ly khai c&oacute; thực sự tu&acirc;n thủ, v&agrave; liệu Nga sẽ chấm dứt x&acirc;m phạm chủ quyền v&agrave; to&agrave;n vẹn l&atilde;nh thổ Ukraine hay kh&ocirc;ng&quot;, USA Today dẫn lời &ocirc;ng Obama h&ocirc;m qua n&oacute;i tại Wales, Anh. &quot;Điều đ&oacute; cần được kiểm tra&quot;. Để duy tr&igrave; &aacute;p lực của phương T&acirc;y, &ocirc;ng Obama cho biết Mỹ v&agrave; ch&acirc;u &Acirc;u đang ho&agrave;n tất c&aacute;c biện ph&aacute;p &quot;nhằm mở rộng v&agrave; tăng cường trừng phạt đối với c&aacute;c ng&agrave;nh ng&acirc;n h&agrave;ng, năng lượng v&agrave; quốc ph&ograve;ng Nga&quot;. Những lệnh trừng phạt mới n&agrave;y c&oacute; thể được dỡ bỏ nếu lệnh ngừng bắn v&agrave; một thỏa thuận h&ograve;a b&igrave;nh thực sự c&oacute; t&aacute;c dụng chấm dứt chiến sự giữa qu&acirc;n đội Ukraine v&agrave; phe ly khai th&acirc;n Nga. Tổng thống Mỹ cũng khen ngợi sự cứng rắn của li&ecirc;n minh phương T&acirc;y khi đối đầu với Nga, trong đ&oacute; c&oacute; việc th&agrave;nh lập lực lượng phản ứng nhanh để bảo vệ c&aacute;c nước th&agrave;nh vi&ecirc;n NATO ở Đ&ocirc;ng &Acirc;u. &Ocirc;ng cho rằng n&oacute; thể hiện nguy&ecirc;n tắc &quot;c&aacute;c nước lớn kh&ocirc;ng thể dậm ch&acirc;n l&ecirc;n c&aacute;c nước nhỏ&quot;. Trong khi đ&oacute;, Nga h&ocirc;m qua cũng hoan ngh&ecirc;nh việc k&yacute; kết thỏa thuận ngừng bắn. &quot;Moscow hy vọng tất cả c&aacute;c điều kiện trong văn bản v&agrave; c&aacute;c thỏa thuận đạt được sẽ được c&aacute;c b&ecirc;n tu&acirc;n thủ triệt để, v&agrave; qu&aacute; tr&igrave;nh đ&agrave;m ph&aacute;n sẽ tiếp tục cho tới khi cuộc khủng hoảng ở Ukraine được giải quyết đầy đủ&quot;, &ocirc;ng Dmitry Peskov, ph&aacute;t ng&ocirc;n vi&ecirc;n của Tổng thống Nga Vladimir Putin, n&oacute;i. &Ocirc;ng Peskov cũng nhấn mạnh thỏa thuận l&agrave; kết quả của s&aacute;ng kiến do &ocirc;ng Putin v&agrave; người đồng cấp Ukraine Petro Poroshenko đề xuất. Moscow b&aacute;c bỏ việc tham chiến ở Ukraine, nhưng Kiev v&agrave; NATO cho rằng qu&acirc;n thường trực cũng như xe tăng Nga đang chiến đấu c&ugrave;ng lực lượng ly khai ở đ&ocirc;ng Ukraine. Thỏa thuận ngừng bắn c&oacute; điều kiện h&ocirc;m qua được k&yacute; kết tại Minsk, Belarus v&agrave; c&oacute; hiệu lực từ 18h. Sự kiện c&oacute; sự tham gia của Ukraine, Nga, phe ly khai th&acirc;n Nga v&agrave; Tổ chức Hợp t&aacute;c v&agrave; An ninh ch&acirc;u &Acirc;u (OSCE).</p>\r\n', 3, 2, 'acfef19c474cd5bf29e07639b1b6dd0f.jpeg', 1),
(39, 'Mỹ hối thúc NATO tiêu diệt Nhà nước Hồi giáo', '<p>H&ocirc;m qua, Mỹ tuy&ecirc;n bố ti&ecirc;u diệt ba th&agrave;nh vi&ecirc;n cấp cao của Nh&agrave; nước Hồi gi&aacute;o trong một cuộc kh&ocirc;ng k&iacute;ch của Mỹ ở Iraq.</p>\r\n', '<p>Theo AFP, &ocirc;ng Obama tin rằng một li&ecirc;n minh chống lại Nh&agrave; nước Hồi gi&aacute;o tự xưng (IS) đ&atilde; được th&agrave;nh lập, sau cuộc họp thượng đỉnh Tổ chức Hiệp ước Bắc Đại T&acirc;y Dương (NATO) h&ocirc;m qua. &quot;T&ocirc;i kh&ocirc;ng thấy sự phản đối hay tho&aacute;i lui n&agrave;o về việc ch&uacute;ng ta c&oacute; vai tr&ograve; trọng yếu trong việc cản bước tổ chức t&agrave;n bạo n&agrave;y, ch&uacute;ng đang g&acirc;y hỗn loạn trong khu vực v&agrave; g&acirc;y hại đến qu&aacute; nhiều người. Ch&uacute;ng cũng g&acirc;y n&ecirc;n mối đe dọa d&agrave;i hạn tới an to&agrave;n v&agrave; an ninh của c&aacute;c th&agrave;nh vi&ecirc;n NATO. V&igrave; thế ch&uacute;ng ta phải h&agrave;nh động để l&agrave;m suy yếu v&agrave; cuối c&ugrave;ng ti&ecirc;u diệt được Nh&agrave; nước Hồi gi&aacute;o tự xưng&quot;, AP dẫn lời &ocirc;ng Obama n&oacute;i trong phi&ecirc;n kết th&uacute;c hội nghị. Trong họp b&aacute;o sau đ&oacute;, &ocirc;ng Obama cho hay c&aacute;c th&agrave;nh vi&ecirc;n NATO đang sẵn s&agrave;ng c&ugrave;ng tham dự chiến dịch qu&acirc;n sự của Mỹ ở Iraq để truy đuổi phiến qu&acirc;n Hồi gi&aacute;o. Trong v&agrave;i tuần gần đ&acirc;y, Mỹ thực hiện hơn 100 cuộc kh&ocirc;ng k&iacute;ch ở ph&iacute;a bắc Iraq, gi&uacute;p c&aacute;c lực lượng ch&iacute;nh phủ Iraq v&agrave; Kurd gi&agrave;nh lại c&aacute;c khu vực bị phiến qu&acirc;n chiếm giữ. Mỹ cũng b&agrave;y tỏ hy vọng một ch&iacute;nh phủ mới của Iraq sẽ được thiết lập trong tuần tới. Tuy nhi&ecirc;n c&aacute;c đối t&aacute;c ch&acirc;u &Acirc;u tỏ vẻ thận trọng. Anh, nước được cho l&agrave; c&oacute; đ&ocirc;ng c&ocirc;ng d&acirc;n đứng trong h&agrave;ng ngũ IS, để ngỏ khả năng kh&ocirc;ng k&iacute;ch ở Iraq. Tuy nhi&ecirc;n Thủ tướng Anh David Cameron kh&ocirc;ng n&ecirc;u cao việc c&oacute; h&agrave;nh động ngay lập tức. &quot;Điều n&agrave;y cần thời gian, ki&ecirc;n nhẫn v&agrave; quyết t&acirc;m&quot;, &ocirc;ng n&oacute;i. Tổng thống Ph&aacute;p Francois Hollande cho hay nước n&agrave;y sẵn s&agrave;ng tham gia li&ecirc;n minh với Mỹ chống lại phiến qu&acirc;n ở Iraq, với điều kiện sự tham gia của Ph&aacute;p kh&ocirc;ng c&oacute; lợi cho ch&iacute;nh quyền của Tổng thống Bashar al- Assad. Ngoại trưởng Đức Frank-Walter Steinmeier nhấn mạnh nỗ lực chống phiến qu&acirc;n Hồi gi&aacute;o đang ở giai đoạn đầu, chưa c&oacute; chiến lược d&agrave;i hạn. Tổng thư k&yacute; NATO Anders Fogh Rasmussen cho biết li&ecirc;n minh qu&acirc;n sự sẵn s&agrave;ng trợ gi&uacute;p nếu c&oacute; y&ecirc;u cầu từ Baghdad, như l&agrave; hỗ trợ huấn luyện v&agrave; hợp t&aacute;c với c&aacute;c nước chống lại IS. C&aacute;c nước NATO cũng nhất tr&iacute; trao đổi th&ecirc;m th&ocirc;ng tin về c&aacute;c chiến binh nước ngo&agrave;i c&oacute; thể trở về ch&acirc;u &Acirc;u hoặc Mỹ để thực hiện c&aacute;c cuộc tấn c&ocirc;ng khủng bố tại qu&ecirc; nh&agrave;. H&ocirc;m qua, Ngoại trưởng Mỹ John Kerry cũng họp với những người đồng cấp đến từ Australia, Canada, Đan Mạch, Ph&aacute;p, Đức, Italy, Ba Lan v&agrave; Thổ Nhĩ Kỳ nhằm k&ecirc;u gọi hỗ trợ trong cuộc chiến chống lại Nh&agrave; nước Hồi gi&aacute;o. &Ocirc;ng Kerry sẽ tới Trung Đ&ocirc;ng tuần tới với dự t&iacute;nh mở rộng li&ecirc;n minh b&ecirc;n ngo&agrave;i c&aacute;c nước phương T&acirc;y. C&aacute;c quan chức Mỹ cho biết th&ecirc;m Washington sẽ n&ecirc;u kế hoạch cụ thể tại cuộc họp Đại hội đồng Li&ecirc;n Hợp Quốc v&agrave;o cuối th&aacute;ng n&agrave;y. H&ocirc;m qua, Mỹ tuy&ecirc;n bố ti&ecirc;u diệt ba th&agrave;nh vi&ecirc;n cấp cao của Nh&agrave; nước Hồi gi&aacute;o trong một cuộc kh&ocirc;ng k&iacute;ch của Mỹ ở Iraq.</p>\r\n', 3, 1, 'f8eff2570507b289b38a9e49cc842d21.jpeg', 0),
(66, 'Tái chế vỏ chai thành đồ dùng tiện ích cực đơn giản', 'Đừng vội vứt bỏ những chiếc vỏ chai thủy tinh cũ, hãy sáng tạo tái chế chúng thành đồ dụng tiện ích trang trí góc học tập thêm yêu!', '<h3>Đừng vội vứt bỏ những chiếc vỏ chai thủy tinh cũ, h&atilde;y s&aacute;ng tạo t&aacute;i chế ch&uacute;ng th&agrave;nh đồ dụng tiện &iacute;ch trang tr&iacute; g&oacute;c học tập th&ecirc;m y&ecirc;u!</h3>\r\n\r\n<p><strong>Chuẩn bị:</strong></p>\r\n\r\n<p>- Chiếc chai thủy tinh</p>\r\n\r\n<p>- D&acirc;y len</p>\r\n\r\n<p>- Cồn</p>\r\n\r\n<p>- Đất s&eacute;t Nhật trắng</p>\r\n\r\n<p>- Dụng cụ: giấy nh&aacute;m, dao, thau nước, đ&aacute; vi&ecirc;n&nbsp;</p>\r\n\r\n<p><strong>C&aacute;ch l&agrave;m:</strong></p>\r\n\r\n<p><img alt=\"Tái chế vỏ chai thành đồ dùng tiện ích cực đơn giản - Ảnh 2.\" src=\"http://kenh14cdn.com/2017/tai-che-chai-lo-1-1483602993059.jpg\" /></p>\r\n\r\n<p>Bước 1:</p>\r\n\r\n<p>Đầu ti&ecirc;n, bạn cắt đoạn d&acirc;y len v&agrave; cột 3-4 v&ograve;ng b&ecirc;n ngo&agrave;i th&acirc;n chiếc chai thủy tinh. T&ugrave;y v&agrave;o vị tr&iacute; bạn muốn cắt của chiếc chai thủy tinh m&agrave; bạn quấn v&ograve;ng len.</p>\r\n\r\n<p>Tiếp theo, bạn đổ cồn l&ecirc;n tr&ecirc;n v&ograve;ng len sao cho cồn thấm đều v&ograve;ng len. Bạn nhớ cắt bỏ phần d&acirc;y len thừa sau khi cột.</p>\r\n\r\n<p><img alt=\"Tái chế vỏ chai thành đồ dùng tiện ích cực đơn giản - Ảnh 3.\" src=\"http://kenh14cdn.com/2017/tai-che-chai-lo-2-1483602993061.jpg\" /></p>\r\n\r\n<p>Bước 2:</p>\r\n\r\n<p>Bạn đốt ch&aacute;y v&ograve;ng l&ecirc;n tr&ecirc;n th&acirc;n chiếc chai thủy tinh, lửa vừa tắt bạn nh&uacute;n chiếc chai v&agrave;o trong b&aacute;t nước c&oacute; những vi&ecirc;n đ&aacute; lạnh. Bạn nhớ cho nước ngập qua v&ograve;ng len quấn tr&ecirc;n th&acirc;n chai. L&uacute;c n&agrave;y, bạn sẽ nghe tiếng thủy tinh rạn nứt ra.</p>\r\n\r\n<p><img alt=\"Tái chế vỏ chai thành đồ dùng tiện ích cực đơn giản - Ảnh 4.\" src=\"http://kenh14cdn.com/2017/tai-che-chai-lo-3-1483602993063.jpg\" /></p>\r\n\r\n<p>Bước 3:</p>\r\n\r\n<p>Chai thủy tinh vỡ ra th&agrave;nh hai nửa. Bạn lấy nửa thứ hai c&oacute; phần đ&aacute;y chai.</p>\r\n\r\n<p><img alt=\"Tái chế vỏ chai thành đồ dùng tiện ích cực đơn giản - Ảnh 5.\" src=\"http://kenh14cdn.com/2017/tai-che-chai-lo-4-1483602993065.jpg\" /></p>\r\n\r\n<p>Bước 4:</p>\r\n\r\n<p>Bạn d&ugrave;ng giấy nh&aacute;m ch&agrave; s&aacute;t mịn tr&ecirc;n v&agrave;nh miệng nửa thứ hai, để c&aacute;c m&eacute;p cạnh thủy tinh sắc nhọn kh&ocirc;ng l&agrave;m bạn đau.</p>\r\n\r\n<p><img alt=\"Tái chế vỏ chai thành đồ dùng tiện ích cực đơn giản - Ảnh 6.\" src=\"http://kenh14cdn.com/2017/tai-che-chai-lo-5-1483602993067.jpg\" /></p>\r\n\r\n<p>Bước 5:</p>\r\n\r\n<p>Tiếp theo, bạn lấy đất s&eacute;t vo th&agrave;nh dải d&agrave;i rồi ấn dẹp, sao cho chiều d&agrave;i của dải đất s&eacute;t d&agrave;i hơn chu vi của miệng chai đ&atilde; cắt.</p>\r\n\r\n<p><img alt=\"Tái chế vỏ chai thành đồ dùng tiện ích cực đơn giản - Ảnh 7.\" src=\"http://kenh14cdn.com/2017/tai-che-chai-lo-6-1483602993069.jpg\" /></p>\r\n\r\n<p>Bước 6:</p>\r\n\r\n<p>Tiếp đến, bạn c&aacute;n dẹp tấm đất s&eacute;t c&oacute; bề d&agrave;y bằng với bề d&agrave;y của miệng chai. Đặt tấm đất s&eacute;t l&ecirc;n tr&ecirc;n miệng chai d&aacute;n th&agrave;nh v&ograve;ng tr&ograve;n.</p>\r\n\r\n<p><img alt=\"Tái chế vỏ chai thành đồ dùng tiện ích cực đơn giản - Ảnh 8.\" src=\"http://kenh14cdn.com/2017/tai-che-chai-lo-7-1483602993070.jpg\" /></p>\r\n\r\n<p>Bước 7:</p>\r\n\r\n<p>Phần đất s&eacute;t thừa bạn d&ugrave;ng dao cắt bỏ để hai m&eacute;p cạnh vừa kh&iacute;t với nhau.</p>\r\n\r\n<p><img alt=\"Tái chế vỏ chai thành đồ dùng tiện ích cực đơn giản - Ảnh 9.\" src=\"http://kenh14cdn.com/2017/tai-che-chai-lo-8-1483602993072.jpg\" /></p>\r\n\r\n<p>Bước 8:</p>\r\n\r\n<p>Sau đ&oacute;, bạn cắt bỏ phần đất s&eacute;t b&ecirc;n tr&ecirc;n để bằng phẳng cho chiếc lọ đẹp hơn. Bạn đặt chiếc dao tr&ecirc;n th&ugrave;ng nhỏ, phần lưỡi dao đủ chạm v&agrave;o mặt th&agrave;nh đất s&eacute;t. Bạn xoay chiếc lọ theo v&ograve;ng tr&ograve;n cho lưỡi dao cắt phần đất s&eacute;t theo v&ograve;ng tr&ograve;n.</p>\r\n\r\n<p>Bạn d&ugrave;ng dao cắt lấy phần đất s&eacute;t b&ecirc;n tr&ecirc;n theo đường vẽ.</p>\r\n\r\n<p><img alt=\"Tái chế vỏ chai thành đồ dùng tiện ích cực đơn giản - Ảnh 10.\" src=\"http://kenh14cdn.com/2017/tai-che-chai-lo-9-1483602993073.jpg\" /></p>\r\n\r\n<p>Bước 9:</p>\r\n\r\n<p>Để đất s&eacute;t kh&ocirc; ho&agrave;n to&agrave;n, bạn d&ugrave;ng tấm giấy nh&aacute;m ch&agrave; s&aacute;t mịn mặt đất s&eacute;t l&agrave; xong.</p>\r\n\r\n<p>Vậy l&agrave; chiếc lọ của ch&uacute;ng đ&atilde; ho&agrave;n th&agrave;nh rồi nh&eacute;!</p>\r\n\r\n<p><a href=\"http://kenh14cdn.com/2017/tai-che-chai-lo-sp1-1483602993074.jpg\" target=\"_blank\"><img alt=\"Tái chế vỏ chai thành đồ dùng tiện ích cực đơn giản - Ảnh 11.\" src=\"http://kenh14cdn.com/2017/tai-che-chai-lo-sp1-1483602993074.jpg\" /></a></p>\r\n\r\n<p>B&acirc;y giờ bạn chỉ cần đặt c&acirc;y kh&ocirc;ng kh&iacute; hoặc cắm b&uacute;t v&agrave;o trong lọ trang tr&iacute; cho g&oacute;c học tập của bạn th&ecirc;m y&ecirc;u.</p>\r\n\r\n<p><a href=\"http://kenh14cdn.com/2017/tai-che-chai-lo-sp2-1483602993075.jpg\" target=\"_blank\"><img alt=\"Tái chế vỏ chai thành đồ dùng tiện ích cực đơn giản - Ảnh 12.\" src=\"http://kenh14cdn.com/2017/tai-che-chai-lo-sp2-1483602993075.jpg\" /></a></p>\r\n\r\n<p>Ch&uacute;c bạn th&agrave;nh c&ocirc;ng với c&aacute;ch t&aacute;i chế vỏ chai đơn giản m&agrave; đẹp.</p>', 1, 1, '3Drqj7cnEeDuVEyRNOeEoAs69CzrMCi408l5H9Kb.jpeg', 1),
(67, 'Ước gì con tôi không phải đi du học', '<p>Tôi ra sân bay Tân Sơn Nhất tiễn con đi Mỹ du học vào năm ngoái mà lòng nặng trĩu nỗi buồn. Sân bay đông nghẹt. Nhìn những em bé chỉ 15, 16 tuổi như con tôi một mình đẩy hành lý vào làm thủ tục ở sân bay mà rớt nước mắt.</p>', '<p>Chuyến bay k&eacute;o d&agrave;i 24 giờ đồng hồ, bao gồm cả transit ở Nhật Bản. Gia đ&igrave;nh t&ocirc;i chỉ c&ograve;n biết cầu trời khấn Phật để mong b&igrave;nh an. V&agrave; t&ocirc;i cũng như biết bao gia đ&igrave;nh phải chờ đợi một năm học th&igrave; con mới về nghỉ h&egrave;. Kh&ocirc;ng c&oacute; g&igrave; c&oacute; thể tả hết nỗi khổ của những người l&agrave;m cha mẹ xa con. Cũng kh&ocirc;ng c&oacute; g&igrave; c&oacute; thể n&oacute;i hết về sự gian nan vất vả khi cha mẹ lao động cực nhọc kiếm tiền học ph&iacute; cho con đi du học. Bởi cho một đứa con đi học xa nh&agrave; cần cả một tinh thần th&eacute;p v&agrave; một khả năng t&agrave;i ch&iacute;nh đủ mạnh. Cũng như ch&iacute;nh đứa b&eacute; đ&oacute; muốn th&agrave;nh c&ocirc;ng cũng phải vượt qua những th&aacute;ch thức kh&ocirc;ng dễ d&agrave;ng ở nơi ch&uacute;ng chưa bao giờ biết đến, trong m&ocirc;i trường học tập v&agrave; cạnh tranh quốc tế. Nhưng v&igrave; sao gia đ&igrave;nh t&ocirc;i v&agrave; biết bao gia đ&igrave;nh kh&aacute;c đ&atilde; lựa chọn con đường n&agrave;y? C&oacute; lẽ v&igrave; ch&uacute;ng t&ocirc;i muốn tho&aacute;t ra khỏi nỗi lo lắng v&agrave; buồn bực đ&atilde; nặng trĩu trong l&ograve;ng nhiều năm qua.</p>', 33, 1, '', 0),
(68, 'Đầu tư cho giới trẻ', '<p>Chắc hẳn nhiều bạn còn nhớ năm 2003, Việt Nam đoạt chức vô địch Sea Games 22 với 158 huy chương vàng, bứt xa Á quân Thái Lan với 90 huy chương vàng.</p>', '<p>Dường như mọi người đều nghĩ rằng, nếu chỉ trong một thời gian ngắn m&agrave; Việt Nam từ một vị tr&iacute; khi&ecirc;m tốn đ&atilde; tiến l&ecirc;n nắm chức v&ocirc; địch thể thao trong v&ugrave;ng th&igrave; chắc hẳn rồi đ&acirc;y ch&uacute;ng ta cũng c&oacute; thể tạo được nhiều &ldquo;ph&eacute;p lạ&rdquo; kh&aacute;c. Điển h&igrave;nh nhất l&agrave; c&oacute; v&agrave;i người bạn Singapore l&uacute;c ấy đ&atilde; hỏi t&ocirc;i rằng: &ldquo;Liệu trong v&ograve;ng 10 năm nữa Việt Nam c&oacute; thể vượt qua Th&aacute;i Lan được kh&ocirc;ng?&rdquo;. Khi so s&aacute;nh mức độ ph&aacute;t triển kinh tế th&igrave; thước đo thường được d&ugrave;ng nhất l&agrave; con số &ldquo;Thu nhập b&igrave;nh qu&acirc;n đầu người&rdquo; (lấy tổng sản lượng quốc nội GDP, chia cho d&acirc;n số một nước). Theo thống k&ecirc; của The Economist th&igrave; trong v&ograve;ng 7 năm từ 1995 đến 2002, Việt Nam l&agrave; nước đ&atilde; tiến nhanh nhất khi từ vị tr&iacute; 151 l&ecirc;n đến 128 (tăng 23 bậc), trong khi Th&aacute;i Lan lại tụt từ 69 xuống 84 (giảm 15 bậc). Như vậy l&agrave; trong v&ograve;ng 7 năm từ 1995 đến 2002, khoảng c&aacute;ch giữa Việt Nam v&agrave; Th&aacute;i Lan đ&atilde; thu ngắn 38 bậc v&agrave; nếu tiếp tục c&aacute;i đ&agrave; r&uacute;t ngắn 5 bậc mỗi năm n&agrave;y th&igrave; phải chăng chỉ cần 8 năm, nghĩa l&agrave; đến 2010 th&igrave; kinh tế Việt Nam sẽ bắt kịp Th&aacute;i Lan? Thực ra vấn đề kh&ocirc;ng hề đơn giản như vậy v&igrave; nhiều l&yacute; do m&agrave; trước hết l&uacute;c bấy giờ Việt Nam v&agrave; Trung Quốc chưa &ldquo;nối mạng&rdquo; với kinh tế thế giới n&ecirc;n đ&atilde; kh&ocirc;ng bị ảnh hưởng nặng bởi cuộc khủng hoảng t&agrave;i ch&iacute;nh 1997-1999 như c&aacute;c nước kh&aacute;c. Thấm thoắt mười năm đ&atilde; tr&ocirc;i qua từ SEA Games 22 v&agrave; hiện tại th&igrave; kết quả cuộc chạy đua kinh tế ấy ra sao rồi? Theo thống k&ecirc; của IMF năm 2013 th&igrave; VN được xếp hạng 134 v&agrave; Th&aacute;i Lan 92. Như thế c&oacute; nghĩa l&agrave; trong v&ograve;ng 10 năm qua th&igrave; cả hai nước đều&hellip; đi thụt l&ugrave;i: VN từ 128 xuống 134 (giảm 6 bậc) v&agrave; Th&aacute;i Lan từ 84 xuống 92 (giảm 8 bậc). Trong bối cảnh hội nhập hiện tại, khi nền kinh tế Việt Nam ng&agrave;y c&agrave;ng gắn liền hơn với kinh tế to&agrave;n cầu, quả thật l&agrave; ch&uacute;ng ta đ&atilde; v&agrave; sẽ kh&ocirc;ng thể tr&aacute;nh được ảnh hưởng của những c&uacute; &ldquo;sốc&rdquo; kinh tế to&agrave;n cầu, như cuộc khủng hoảng 2008 vừa qua m&agrave; ảnh hưởng vẫn c&ograve;n dai dẳng cho đến h&ocirc;m nay.</p>', 33, 1, '', 0),
(69, 'SMART TIVI LG 49 INCH 49LH590T', '<p>Tổng thống Mỹ Barack Obama hôm qua nghi ngờ về lệnh ngừng bắn mới ở Ukraine và hứa hẹn về một lệnh trừng phạt mới để tiếp tục gây áp lực đối với Nga.</p>', '<p>&quot;Ch&uacute;ng t&ocirc;i hy vọng, nhưng dựa tr&ecirc;n những kinh nghiệm trong qu&aacute; khứ, ch&uacute;ng t&ocirc;i cũng ho&agrave;i nghi về việc liệu phe ly khai c&oacute; thực sự tu&acirc;n thủ, v&agrave; liệu Nga sẽ chấm dứt x&acirc;m phạm chủ quyền v&agrave; to&agrave;n vẹn l&atilde;nh thổ Ukraine hay kh&ocirc;ng&quot;, USA Today dẫn lời &ocirc;ng Obama h&ocirc;m qua n&oacute;i tại Wales, Anh. &quot;Điều đ&oacute; cần được kiểm tra&quot;. Để duy tr&igrave; &aacute;p lực của phương T&acirc;y, &ocirc;ng Obama cho biết Mỹ v&agrave; ch&acirc;u &Acirc;u đang ho&agrave;n tất c&aacute;c biện ph&aacute;p &quot;nhằm mở rộng v&agrave; tăng cường trừng phạt đối với c&aacute;c ng&agrave;nh ng&acirc;n h&agrave;ng, năng lượng v&agrave; quốc ph&ograve;ng Nga&quot;. Những lệnh trừng phạt mới n&agrave;y c&oacute; thể được dỡ bỏ nếu lệnh ngừng bắn v&agrave; một thỏa thuận h&ograve;a b&igrave;nh thực sự c&oacute; t&aacute;c dụng chấm dứt chiến sự giữa qu&acirc;n đội Ukraine v&agrave; phe ly khai th&acirc;n Nga. Tổng thống Mỹ cũng khen ngợi sự cứng rắn của li&ecirc;n minh phương T&acirc;y khi đối đầu với Nga, trong đ&oacute; c&oacute; việc th&agrave;nh lập lực lượng phản ứng nhanh để bảo vệ c&aacute;c nước th&agrave;nh vi&ecirc;n NATO ở Đ&ocirc;ng &Acirc;u. &Ocirc;ng cho rằng n&oacute; thể hiện nguy&ecirc;n tắc &quot;c&aacute;c nước lớn kh&ocirc;ng thể dậm ch&acirc;n l&ecirc;n c&aacute;c nước nhỏ&quot;. Trong khi đ&oacute;, Nga h&ocirc;m qua cũng hoan ngh&ecirc;nh việc k&yacute; kết thỏa thuận ngừng bắn. &quot;Moscow hy vọng tất cả c&aacute;c điều kiện trong văn bản v&agrave; c&aacute;c thỏa thuận đạt được sẽ được c&aacute;c b&ecirc;n tu&acirc;n thủ triệt để, v&agrave; qu&aacute; tr&igrave;nh đ&agrave;m ph&aacute;n sẽ tiếp tục cho tới khi cuộc khủng hoảng ở Ukraine được giải quyết đầy đủ&quot;, &ocirc;ng Dmitry Peskov, ph&aacute;t ng&ocirc;n vi&ecirc;n của Tổng thống Nga Vladimir Putin, n&oacute;i. &Ocirc;ng Peskov cũng nhấn mạnh thỏa thuận l&agrave; kết quả của s&aacute;ng kiến do &ocirc;ng Putin v&agrave; người đồng cấp Ukraine Petro Poroshenko đề xuất. Moscow b&aacute;c bỏ việc tham chiến ở Ukraine, nhưng Kiev v&agrave; NATO cho rằng qu&acirc;n thường trực cũng như xe tăng Nga đang chiến đấu c&ugrave;ng lực lượng ly khai ở đ&ocirc;ng Ukraine. Thỏa thuận ngừng bắn c&oacute; điều kiện h&ocirc;m qua được k&yacute; kết tại Minsk, Belarus v&agrave; c&oacute; hiệu lực từ 18h. Sự kiện c&oacute; sự tham gia của Ukraine, Nga, phe ly khai th&acirc;n Nga v&agrave; Tổ chức Hợp t&aacute;c v&agrave; An ninh ch&acirc;u &Acirc;u (OSCE).</p>', 4, 2, '', 0),
(70, 'Mỹ hối thúc NATO tiêu diệt Nhà nước Hồi giáo', '<p>Hôm qua, Mỹ tuyên bố tiêu diệt ba thành viên cấp cao của Nhà nước Hồi giáo trong một cuộc không kích của Mỹ ở Iraq.</p>', '<p>Theo AFP, &ocirc;ng Obama tin rằng một li&ecirc;n minh chống lại Nh&agrave; nước Hồi gi&aacute;o tự xưng (IS) đ&atilde; được th&agrave;nh lập, sau cuộc họp thượng đỉnh Tổ chức Hiệp ước Bắc Đại T&acirc;y Dương (NATO) h&ocirc;m qua. &quot;T&ocirc;i kh&ocirc;ng thấy sự phản đối hay tho&aacute;i lui n&agrave;o về việc ch&uacute;ng ta c&oacute; vai tr&ograve; trọng yếu trong việc cản bước tổ chức t&agrave;n bạo n&agrave;y, ch&uacute;ng đang g&acirc;y hỗn loạn trong khu vực v&agrave; g&acirc;y hại đến qu&aacute; nhiều người. Ch&uacute;ng cũng g&acirc;y n&ecirc;n mối đe dọa d&agrave;i hạn tới an to&agrave;n v&agrave; an ninh của c&aacute;c th&agrave;nh vi&ecirc;n NATO. V&igrave; thế ch&uacute;ng ta phải h&agrave;nh động để l&agrave;m suy yếu v&agrave; cuối c&ugrave;ng ti&ecirc;u diệt được Nh&agrave; nước Hồi gi&aacute;o tự xưng&quot;, AP dẫn lời &ocirc;ng Obama n&oacute;i trong phi&ecirc;n kết th&uacute;c hội nghị. Trong họp b&aacute;o sau đ&oacute;, &ocirc;ng Obama cho hay c&aacute;c th&agrave;nh vi&ecirc;n NATO đang sẵn s&agrave;ng c&ugrave;ng tham dự chiến dịch qu&acirc;n sự của Mỹ ở Iraq để truy đuổi phiến qu&acirc;n Hồi gi&aacute;o. Trong v&agrave;i tuần gần đ&acirc;y, Mỹ thực hiện hơn 100 cuộc kh&ocirc;ng k&iacute;ch ở ph&iacute;a bắc Iraq, gi&uacute;p c&aacute;c lực lượng ch&iacute;nh phủ Iraq v&agrave; Kurd gi&agrave;nh lại c&aacute;c khu vực bị phiến qu&acirc;n chiếm giữ. Mỹ cũng b&agrave;y tỏ hy vọng một ch&iacute;nh phủ mới của Iraq sẽ được thiết lập trong tuần tới. Tuy nhi&ecirc;n c&aacute;c đối t&aacute;c ch&acirc;u &Acirc;u tỏ vẻ thận trọng. Anh, nước được cho l&agrave; c&oacute; đ&ocirc;ng c&ocirc;ng d&acirc;n đứng trong h&agrave;ng ngũ IS, để ngỏ khả năng kh&ocirc;ng k&iacute;ch ở Iraq. Tuy nhi&ecirc;n Thủ tướng Anh David Cameron kh&ocirc;ng n&ecirc;u cao việc c&oacute; h&agrave;nh động ngay lập tức. &quot;Điều n&agrave;y cần thời gian, ki&ecirc;n nhẫn v&agrave; quyết t&acirc;m&quot;, &ocirc;ng n&oacute;i. Tổng thống Ph&aacute;p Francois Hollande cho hay nước n&agrave;y sẵn s&agrave;ng tham gia li&ecirc;n minh với Mỹ chống lại phiến qu&acirc;n ở Iraq, với điều kiện sự tham gia của Ph&aacute;p kh&ocirc;ng c&oacute; lợi cho ch&iacute;nh quyền của Tổng thống Bashar al- Assad. Ngoại trưởng Đức Frank-Walter Steinmeier nhấn mạnh nỗ lực chống phiến qu&acirc;n Hồi gi&aacute;o đang ở giai đoạn đầu, chưa c&oacute; chiến lược d&agrave;i hạn. Tổng thư k&yacute; NATO Anders Fogh Rasmussen cho biết li&ecirc;n minh qu&acirc;n sự sẵn s&agrave;ng trợ gi&uacute;p nếu c&oacute; y&ecirc;u cầu từ Baghdad, như l&agrave; hỗ trợ huấn luyện v&agrave; hợp t&aacute;c với c&aacute;c nước chống lại IS. C&aacute;c nước NATO cũng nhất tr&iacute; trao đổi th&ecirc;m th&ocirc;ng tin về c&aacute;c chiến binh nước ngo&agrave;i c&oacute; thể trở về ch&acirc;u &Acirc;u hoặc Mỹ để thực hiện c&aacute;c cuộc tấn c&ocirc;ng khủng bố tại qu&ecirc; nh&agrave;. H&ocirc;m qua, Ngoại trưởng Mỹ John Kerry cũng họp với những người đồng cấp đến từ Australia, Canada, Đan Mạch, Ph&aacute;p, Đức, Italy, Ba Lan v&agrave; Thổ Nhĩ Kỳ nhằm k&ecirc;u gọi hỗ trợ trong cuộc chiến chống lại Nh&agrave; nước Hồi gi&aacute;o. &Ocirc;ng Kerry sẽ tới Trung Đ&ocirc;ng tuần tới với dự t&iacute;nh mở rộng li&ecirc;n minh b&ecirc;n ngo&agrave;i c&aacute;c nước phương T&acirc;y. C&aacute;c quan chức Mỹ cho biết th&ecirc;m Washington sẽ n&ecirc;u kế hoạch cụ thể tại cuộc họp Đại hội đồng Li&ecirc;n Hợp Quốc v&agrave;o cuối th&aacute;ng n&agrave;y. H&ocirc;m qua, Mỹ tuy&ecirc;n bố ti&ecirc;u diệt ba th&agrave;nh vi&ecirc;n cấp cao của Nh&agrave; nước Hồi gi&aacute;o trong một cuộc kh&ocirc;ng k&iacute;ch của Mỹ ở Iraq.</p>', 4, 3, '', 1),
(71, 'Về quê ăn Tết Đoan Ngọ, cả nhà 4 người chết thảm dưới gầm xe tải', 'Vụ tai nạn nghiêm trọng xảy ra trên quốc lộ 24B đoạn tại Km 18+100 thuộc thôn Hóc Kè (xã Ba Động, huyện Ba Tơ), vào 17h30 ngày 19/6, đã cướp đi sinh mạng của cả 1 gia đình.', '<p>Vụ tai nạn nghi&ecirc;m trọng xảy ra tr&ecirc;n quốc lộ 24B đoạn tại Km 18+100 thuộc th&ocirc;n H&oacute;c K&egrave; (x&atilde; Ba Động, huyện Ba Tơ), v&agrave;o 17h30 ng&agrave;y 19/6, đ&atilde; cướp đi sinh mạng của cả 1 gia đ&igrave;nh. V&agrave;o thời điểm tr&ecirc;n, xe tải chở keo mang BKS 76K-5057 do t&agrave;i xế L&ecirc; Trần Thanh B&igrave;nh (SN 1986, ngụ TP Quảng Ng&atilde;i) điều khiển, đ&atilde; t&ocirc;ng v&agrave;o xe m&aacute;y mang BKS 76K-0220 do anh L&ecirc; Văn Diệp (36 tuổi) chở theo vợ l&agrave; chị Trần Việt Nhật (30 tuổi) c&ugrave;ng 2 con nhỏ L&ecirc; Trần Tr&acirc;m Anh (7 tuổi) v&agrave; L&ecirc; Quốc Th&aacute;i (4 tuổi). Ngay sau c&uacute; t&ocirc;ng, vợ chồng anh Diệp v&agrave; chị Nhật tử vong tại chỗ, 2 ch&aacute;u nhỏ được đưa đi cấp cứu tại Bệnh viện ĐK Quảng Ng&atilde;i nhưng cũng kh&ocirc;ng qua khỏi.&nbsp;<br />\r\n&nbsp;</p>', 3, 2, '', 0),
(72, 'Giá xăng bất ngờ tăng thêm gần 300 đồng từ 15h', 'Từ 15h ngày hôm nay (19/6), giá xăng tăng thêm gần 300 đồng. Các loại dầu giảm nhẹ.', '<p>Từ 15h ng&agrave;y h&ocirc;m nay (19/6), gi&aacute; xăng tăng th&ecirc;m gần 300 đồng. C&aacute;c loại dầu giảm nhẹ. Li&ecirc;n Bộ C&ocirc;ng Thương &ndash; T&agrave;i ch&iacute;nh vừa y&ecirc;u cầu c&aacute;c doanh nghiệp xăng dầu điều chỉnh gi&aacute; c&aacute;c mặt h&agrave;ng nhi&ecirc;n liệu. Theo đ&oacute;, gi&aacute; b&aacute;n lẻ xăng RON 92, RON 95, E5 trong nước sẽ tăng th&ecirc;m 280 đồng mỗi l&iacute;t.&nbsp;C&aacute;c loại dầu giảm nhẹ. Gi&aacute; dầu diesel giảm 287 đồng/l&iacute;t, dầu hỏa giảm 275 đồng/l&iacute;t.&nbsp;Thời điểm &aacute;p dụng l&agrave; 15h h&ocirc;m nay (19/6). Theo văn bản của Bộ C&ocirc;ng Thương, gi&aacute; b&aacute;n lẻ xăng RON 92 sẽ kh&ocirc;ng cao hơn 20.711 đồng/l&iacute;t. Gi&aacute; xăng E5 kh&ocirc;ng cao hơn 20.381 đồng/l&iacute;t. Dầu diesel 0.05 S, dầu hỏa, dầu maz&uacute;t 3.5S sẽ c&oacute; gi&aacute; lần lượt kh&ocirc;ng cao hơn c&aacute;c mức 16.077 đồng/l&iacute;t, 15.099 đồng/l&iacute;t v&agrave; 12.730 đồng/kg. Bảng gi&aacute; xăng dầu c&oacute; hiệu lực từ 15h ng&agrave;y 19/6. Ảnh: Petrolimex. Cơ quan điều h&agrave;nh kh&ocirc;ng thay đổi trong việc sử dụng Quỹ b&igrave;nh ổn với xăng. Mức tr&iacute;ch lập cũng như chi sử dụng Quỹ b&igrave;nh ổn cho c&aacute;c mặt h&agrave;ng xăng kho&aacute;ng kh&ocirc;ng thay đổi, giảm 98 đồng/kg với dầu mazut, xuống mức 0 đồng. Từ đầu năm đến nay, gi&aacute; xăng đ&atilde; c&oacute; 5 lần điều chỉnh với 4 lần tăng, 1 lần giảm. Thời gian qua, một số &yacute; kiến tr&aacute;i chiều li&ecirc;n quan đến Quỹ b&igrave;nh ổn đ&atilde; xuất hiện. Cơ quan điều h&agrave;nh khẳng định, việc duy tr&igrave; quỹ sẽ gi&uacute;p đảm bảo quyền lợi người ti&ecirc;u d&ugrave;ng. Trong khi đ&oacute;, TS Nguyễn Minh Phong thuộc Viện Nghi&ecirc;n cứu ph&aacute;t triển kinh tế x&atilde; hội lại cho rằng &ldquo;n&ecirc;n dẹp Quỹ b&igrave;nh ổn&rdquo;. Theo vị n&agrave;y, sự tồn tại của quỹ &ldquo;chỉ g&acirc;y nghi vấn thiếu minh bạch trong c&aacute;ch sử dụng&rdquo;. Yếu tố điều h&agrave;nh c&oacute; ảnh hưởng lớn tới việc tăng hay giảm của gi&aacute; xăng. Ảnh: Ho&agrave;ng Anh. C&ograve;n theo PGS.TS Ng&ocirc; Tr&iacute; Long &ndash; nguy&ecirc;n Viện trưởng Viện Nghi&ecirc;n cứu gi&aacute; cả (Bộ T&agrave;i ch&iacute;nh) dự đo&aacute;n, yếu tố ch&iacute;nh quyết định sự tăng hay giảm của gi&aacute; b&aacute;n lẻ xăng dầu l&agrave; do c&aacute;ch điều h&agrave;nh. Theo &ocirc;ng Long, việc dư luận li&ecirc;n tục nhắc tới chủ đề thuế bảo vệ m&ocirc;i trường l&agrave;m tăng gi&aacute; xăng c&oacute; thể sẽ t&aacute;c động tới vấn đề điều h&agrave;nh mặt&nbsp;<br />\r\n<br />\r\n&nbsp;</p>', 3, 3, '', 0),
(75, 'Hà Nội sắp phạt người nói tục, hành vi thiếu văn hóa nơi công cộng', 'Sở Văn hóa Thể thao và Du lịch Hà Nội đang khảo sát nạn nói tục, hành vi thiếu văn hóa nơi công cộng.', '<p>Sở Văn h&oacute;a Thể thao v&agrave; Du lịch H&agrave; Nội đang khảo s&aacute;t nạn n&oacute;i tục, h&agrave;nh vi thiếu văn h&oacute;a nơi c&ocirc;ng cộng. &Ocirc;ng Trần Tuấn Anh, Ch&aacute;nh Văn ph&ograve;ng Sở Văn h&oacute;a Thể thao v&agrave; Du lịch H&agrave; Nội cho biết, Sở đang chủ tr&igrave; x&acirc;y dựng quy tắc ứng xử trong cơ quan, đơn vị cộng đồng, trong đ&oacute; c&oacute; khảo s&aacute;t nội dung về n&oacute;i tục nơi c&ocirc;ng cộng. Đề &aacute;n do Tiến sỹ Mai Anh chủ tr&igrave;. Theo đ&oacute;, Dự thảo Bộ khung quy tắc ứng xử đưa ra c&aacute;c ti&ecirc;u ch&iacute; cụ thể với 6 nh&oacute;m gồm: cơ quan h&agrave;nh ch&iacute;nh sự nghiệp, trường học, bệnh viện, doanh nghiệp, khu d&acirc;n cư v&agrave; nơi c&ocirc;ng cộng.<br />\r\n<br />\r\nVới mỗi nh&oacute;m sẽ c&oacute; những quy tắc ri&ecirc;ng, v&iacute; dụ nh&oacute;m người d&acirc;n nơi c&ocirc;ng cộng cần: Chấp h&agrave;nh nội quy, quy định; T&ocirc;n trọng, th&acirc;n thiện; Văn minh, lịch sự; Đo&agrave;n kết, chia sẻ; Bảo vệ di t&iacute;ch lịch sử, cảnh quan, m&ocirc;i trường; &Yacute; thức ph&ecirc; ph&aacute;n những h&agrave;nh vi vi phạm quy định. Với nh&oacute;m doanh nghiệp, cần: T&ocirc;n trọng đạo đức kinh doanh; Coi trọng chữ t&iacute;n; C&ocirc;ng bằng; T&ocirc;n trọng; Chia sẻ lợi &iacute;ch v&agrave; tr&aacute;ch nhiệm x&atilde; hội. &Ocirc;ng T&ocirc; Văn Động, Gi&aacute;m đốc Sở Văn h&oacute;a cho biết, Bộ quy tắc ứng xử kh&ocirc;ng phải văn bản quy phạm, n&ecirc;n nếu n&oacute;i bắt buộc thực hiện th&igrave; kh&ocirc;ng đ&uacute;ng. Tuy nhi&ecirc;n, c&aacute;c giai đoạn tiếp theo của đề &aacute;n sẽ đưa ra những chế t&agrave;i với c&aacute;c h&agrave;nh vi ứng xử kh&ocirc;ng đ&uacute;ng quy tắc, v&iacute; dụ vứt r&aacute;c ra đường, n&oacute;i tục&hellip; Trước đ&oacute;, th&agrave;nh phố đ&atilde; nhận được phản &aacute;nh về t&igrave;nh trạng một số bạn trẻ, nghệ sỹ n&oacute;i th&ocirc; tục nơi c&ocirc;ng cộng. Ph&oacute; chủ tịch UBND TP H&agrave; Nội L&ecirc; Hồng Sơn&nbsp;đ&atilde; giao Sở Văn h&oacute;a &ndash; thể thao v&agrave; du lịch, Sở Gi&aacute;o dục &ndash; đ&agrave;o tạo v&agrave; UBND c&aacute;c quận huyện, thị x&atilde; kiểm tra, xem x&eacute;t, c&oacute; biện ph&aacute;p xử l&yacute; nhằm hạn chế cao nhất những h&agrave;nh vi thiếu văn h&oacute;a trong nh&agrave; trường v&agrave; ngo&agrave;i x&atilde; hội. Theo đ&oacute;, từ cuối năm 2014, theo chỉ đạo của UBND TP, Sở VH-TT&amp;DL H&agrave; Nội đ&atilde; tổ chức c&aacute;c cuộc hội thảo lấy &yacute; kiến x&acirc;y dựng &ldquo;hệ thống quy tắc ứng xử trong cơ quan, đơn vị, cộng đồng d&acirc;n cư TP H&agrave; Nội&rdquo; dự kiến ban h&agrave;nh trong năm 2015. Từ th&aacute;ng 5/2014, tại quy chế thực hiện kỷ cương h&agrave;nh ch&iacute;nh v&agrave; văn h&oacute;a c&ocirc;ng sở tại Văn ph&ograve;ng UBND th&agrave;nh phố H&agrave; Nội đ&atilde; c&oacute; chỉ đạo&nbsp;cấm c&ocirc;ng chức n&oacute;i tục. Theo Quy chế, trong thực thi c&ocirc;ng vụ, nhiệm vụ, c&aacute;n bộ c&ocirc;ng chức phải c&oacute; t&aacute;c phong chuy&ecirc;n nghiệp, hiện đại; c&oacute; th&aacute;i độ h&ograve;a nh&atilde;, lịch sự, t&ocirc;n trọng trong ứng xử, giao tiếp. Trong giao tiếp, ứng xử với đồng nghiệp phải c&oacute; th&aacute;i độ lịch sự, t&ocirc;n trọng, trung thực, th&acirc;n thiện, hợp t&aacute;c. Ng&ocirc;n ngữ giao tiếp phải chuẩn mực r&otilde; r&agrave;ng; kh&ocirc;ng n&oacute;i tục, tiếng l&oacute;ng, qu&aacute;t nạt, phải lắng nghe &yacute; kiến của đồng nghiệp&hellip;<br />\r\n&nbsp;</p>', 2, 2, '', 0),
(76, 'Lời trăng trối của nam sinh qua đời trước ngày tốt nghiệp', '\"Hãy ôm tớ thật chặt lần cuối trước khi cậu bước đi nhé!\" là dòng tâm sự của Nguyễn Đức Huy gửi cho một người đặc biệt trên Facebook.', '<p>Ng&agrave;y 29/6, th&ocirc;ng tin về Nguyễn Đức Huy - nam sinh khoa Kiến tr&uacute;c, Đại học Văn Lang TP HCM - được đặc c&aacute;ch trao bằng tốt nghiệp d&ugrave; đ&atilde; qua đời khiến cộng đồng mạng x&uacute;c động.&nbsp;Sau 5 năm học tập, Huy đ&atilde; ho&agrave;n th&agrave;nh luận &aacute;n tốt nghiệp. Tuy nhi&ecirc;n, c&aacute;ch đ&acirc;y một th&aacute;ng, khi chưa kịp nhận th&agrave;nh quả của m&igrave;nh, Huy bất ngờ qua đời v&igrave; đột quỵ.</p>\r\n\r\n<p>Trong buổi lễ tốt nghiệp diễn ra ng&agrave;y 28/6 vừa qua, bố của Huy đ&atilde; đại diện gia đ&igrave;nh l&ecirc;n nhận tấm bằng Đại học ch&iacute;nh quy loại kh&aacute; từ tay thầy hiệu trưởng. Trước sự kiện n&agrave;y, d&acirc;n mạng ho&agrave;n to&agrave;n ủng hộ quyết định của nh&agrave; trường khi c&ocirc;ng nhận chức danh kiến tr&uacute;c sư đối với Huy, nhằm tr&acirc;n trọng sự nỗ lực v&agrave; th&agrave;nh quả học tập của nam sinh. Tr&ecirc;n Facebook của Nguyễn Đức Huy, nhiều bạn b&egrave; b&agrave;y tỏ sự thương tiếc d&agrave;nh cho cậu bạn xấu số n&agrave;y. Đặc biệt, những d&ograve;ng chia sẻ cuối c&ugrave;ng từ Huy nhận được sự quan t&acirc;m, đồng cảm từ mọi người. Nguyễn Đức Huy l&agrave; sinh vi&ecirc;n hiền l&agrave;nh, c&oacute; nụ cười ph&uacute;c hậu. Ảnh: FBNV. Trong d&ograve;ng trạng th&aacute;i d&agrave;nh ri&ecirc;ng cho một người đặc biệt, Huy cho biết:&nbsp;&quot;Hãy &ocirc;m tớ th&acirc;̣t chặt m&ocirc;̣t l&acirc;̀n cu&ocirc;́i trước khi c&acirc;̣u bước đi nhé!&nbsp;Mình chọn vi&ecirc;̣c ra đi, mình kh&ocirc;ng th&ecirc;̉ là người y&ecirc;u của c&acirc;̣u, kh&ocirc;ng có nghĩa là mình kh&ocirc;ng y&ecirc;u c&acirc;̣u đ&acirc;u đ&acirc;́y&quot;. Bạn b&egrave; của Huy chia sẻ, họ kh&ocirc;ng ngờ rằng những lời n&oacute;i đầy ẩn &yacute; n&agrave;y lại b&aacute;o trước về sự ra đi của ch&agrave;ng trai chỉ sau đ&oacute; &iacute;t ng&agrave;y. Ng&agrave;y 2/6, Nguyễn Đức Huy bị đột quỵ sau khi ho&agrave;n th&agrave;nh b&agrave;i tốt nghiệp khoa Kiến tr&uacute;c v&agrave; trước thời điểm bảo vệ luận &aacute;n 5 ng&agrave;y.<br />\r\n<br />\r\n<br />\r\n<a href=\"http://news.zing.vn/\" target=\"_blank\">Nguồn Zing News</a></p>\r\n\r\n<p>&nbsp;</p>', 3, 3, '', 0),
(77, 'Dùng xe tải đưa thí sinh đến địa điểm thi', 'Sáng nay, nhiều thí sinh đến trường thi từ 5h30 để tránh nắng nóng, dù 8h mới làm thủ tục dự thi. Hai xe tải được huy động đưa thí sinh đến cụm thi Đại học Bách Khoa Hà Nội.', '<p><strong>S&aacute;ng nay, nhiều th&iacute; sinh đến trường thi từ 5h30 để tr&aacute;nh nắng n&oacute;ng, d&ugrave; 8h mới l&agrave;m thủ tục dự thi. Hai xe tải được huy động đưa th&iacute; sinh đến cụm thi Đại học B&aacute;ch Khoa H&agrave; Nội.</strong></p>\r\n\r\n<p><strong>S&aacute;ng nay, nhiều th&iacute; sinh đến trường thi từ 5h30 để tr&aacute;nh nắng n&oacute;ng, d&ugrave; 8h mới l&agrave;m thủ tục dự thi. Hai xe tải được huy động đưa th&iacute; sinh đến cụm thi Đại học B&aacute;ch Khoa H&agrave; Nội.</strong></p>', 1, 3, '', 0),
(78, 'Hoa tam giác mạch nở bừng sáng Simacai giữa mùa hè', 'Không cần chờ đến cuối thu, ngay những ngày cuối tháng 6, bạn đã có thể đắm mình trong sắc tím hồng rực rỡ của những vạt hoa tam giác mạch nở trái mùa ở Lử Thẩn (Lào Cai).', '<p><strong>Không cần chờ đến cuối thu, ngay những ngày cuối tháng 6, bạn đã có thể đắm mình trong sắc tím hồng rực rỡ của những vạt hoa tam giác mạch nở trái mùa ở Lử Thẩn (Lào Cai).</strong></p>\r\n\r\n<p><strong>Không cần chờ đến cuối thu, ngay những ngày cuối tháng 6, bạn đã có thể đắm mình trong sắc tím hồng rực rỡ của những vạt hoa tam giác mạch nở trái mùa ở Lử Thẩn (Lào Cai).</strong></p>', 3, 3, 'kLAw3MuprNf03Jbv8e57uTuVJKDz2woeDWjbN4Od.jpeg', 1),
(79, 'SMART TIVI LG 49 INCH 49LH590T', '<p>Richard Matt và David Sweat, 2 phạm nhân trốn khỏi nhà tù an ninh bậc nhất nước Mỹ, có thể đã dùng hạt tiêu để qua mặt chó nghiệp vụ và lẩn trốn trong suốt hơn 3 tuần.</p>', '<p>Giới điều tra t&igrave;m thấy một hộp hạt ti&ecirc;u tại trại m&agrave; Richard Matt v&agrave; David Sweat, 2 kẻ giết người tẩu tho&aacute;t khỏi nh&agrave; giam Clinton ở New York, Mỹ, c&oacute; thể đ&atilde; dừng ch&acirc;n. V&igrave; vậy, theo Joseph D&rsquo;Amico, sĩ quan cảnh s&aacute;t bang New York, c&oacute; thể 2 s&aacute;t nh&acirc;n đ&atilde; rải hạt ti&ecirc;u để đ&aacute;nh lừa ch&oacute; nghiệp vụ. M&aacute;nh kh&oacute;e 2 phạm nh&acirc;n qua mặt cảnh s&aacute;t trong qu&aacute; tr&igrave;nh trốn chạy từng được đề cập trong bộ phim Cool Hand Luke năm 1967. &ldquo;Ch&uacute;ng t&ocirc;i gặp kh&oacute; khăn trong việc t&igrave;m dấu vết của Matt v&agrave; Sweat v&igrave; c&aacute;ch m&agrave; ch&uacute;ng &aacute;p dụng kh&aacute; hiệu quả. Nếu bạn viết kịch bản cho phim th&igrave; vở kịch n&agrave;y rất ho&agrave;n hảo&rdquo;, D Amico n&oacute;i với The New York Times. Mỹ tiến h&agrave;nh một cuộc truy l&ugrave;ng 2 kẻ trốn chạy trong chiến dịch quy m&ocirc; lớn, từ Pennsylvania tới bi&ecirc;n giới Canada. Ch&iacute;nh quyền đ&atilde; huy động 1.300 người tới c&aacute;c khu rừng ở miền Bắc New York v&agrave; kiểm tra nghi&ecirc;m ngặt tại c&aacute;c chốt an ninh. Qu&aacute; tr&igrave;nh đuổi bắt kết th&uacute;c trưa 28/6 khi một cảnh s&aacute;t bắn v&agrave; bắt sống Sweat ở Constable, New York. Y được đưa tới bệnh viện trong t&igrave;nh trạng nguy cập. Bạn t&ugrave; của Sweat, Matt, bị ti&ecirc;u diệt khi đang cầm s&uacute;ng đối mặt với nh&agrave; chức tr&aacute;ch ng&agrave;y 26/6. &ldquo;Cơn &aacute;c mộng đ&atilde; qua&rdquo;, Andrew Cuomo, Thống đốc bang New York n&oacute;i tại một cuộc họp b&aacute;o.<br />\r\nMatt v&agrave; Sweat trốn khỏi trại cải tạo Clinton, nơi c&aacute;ch vị tr&iacute; ch&uacute;ng sa lưới khoảng 50 km, bằng nhiều dụng cụ điện ng&agrave;y 6/6. Nh&agrave; chức tr&aacute;ch cho rằng, 2 phạm nh&acirc;n ở c&aacute;c ph&ograve;ng giam liền kề nhau trong nh&agrave; t&ugrave; v&agrave; ch&uacute;ng để quần &aacute;o l&ecirc;n giường lừa quản ngục khi đ&agrave;o tẩu. Ch&uacute;ng c&ograve;n để lại mảnh giấy đầy th&aacute;ch thức với khu&ocirc;n mặt cười v&agrave; d&ograve;ng chữ &ldquo;Ch&uacute;c một ng&agrave;y tốt l&agrave;nh&rdquo;. Matt v&agrave; bạn t&ugrave; đ&atilde; d&ugrave;ng lời lẽ ngon ngọt, dụ nh&acirc;n vi&ecirc;n nh&agrave; t&ugrave; tuồn đục v&agrave; c&aacute;c dụng cụ kh&aacute;c để gi&uacute;p ch&uacute;ng vượt ra khỏi h&agrave;ng r&agrave;o an ninh nh&agrave; t&ugrave; v&agrave; tho&aacute;t ra ngo&agrave;i. Nh&agrave; điều tra buộc tội 2 nh&acirc;n vật hỗ trợ t&ugrave; nh&acirc;n lẩn trốn l&agrave; Joyce Mitchell, người l&agrave;m trong xưởng may b&ecirc;n trong Clinton, v&agrave; nh&acirc;n vi&ecirc;n nh&agrave; t&ugrave; Gene Palmer. Palmer sẽ hầu t&ograve;a v&igrave; tội tuồn h&agrave;ng lậu v&agrave;o trại giam v&agrave; h&agrave;nh động kh&ocirc;ng đ&uacute;ng nhiệm vụ. Người n&agrave;y đưa thịt đ&ocirc;ng lạnh chứa lưỡi cưa v&agrave; tua v&iacute;t v&agrave;o Clinton. B&agrave; Mitchell đ&atilde; hầu t&ograve;a v&agrave; phủ nhận c&aacute;o buộc của t&ograve;a &aacute;n về c&aacute;c tội li&ecirc;n quan đến vụ vượt ngục chấn động nước Mỹ. Trong một diễn biến mới, Sweat đ&atilde; khai nhận những th&ocirc;ng tin đầu ti&ecirc;n về &acirc;m mưu tẩu tho&aacute;t t&aacute;o tợn c&aacute;ch đ&acirc;y 3 tuần, CNN đưa tin. Cuomo tiết lộ một số th&ocirc;ng tin trong bi&ecirc;n bản lời khai của Sweat rằng, y v&agrave; đồng phạm Richard Matt ban đầu dự định chạy trốn sang Mexico. Tuy nhi&ecirc;n, sau khi tẩu tho&aacute;t từ trại giam Clinton, nữ nh&acirc;n vi&ecirc;n nh&agrave; t&ugrave; Joyce Mitchell kh&ocirc;ng xuất hiện như kế hoạch để l&aacute;i xe chở bọn ch&uacute;ng. Hai kẻ giết người vượt ngục khi Sweat đang thụ &aacute;n chung th&acirc;n kh&ocirc;ng &acirc;n x&aacute; v&igrave; giết một cảnh s&aacute;t năm 2002 c&ograve;n Matt chịu mức &aacute;n 25 năm v&igrave; giết &ocirc;ng chủ cũ.<br />\r\n<br />\r\n<a href=\"http://news.zing.vn/\" target=\"_blank\">Nguồn Zing News</a></p>\r\n\r\n<p>&nbsp;</p>', 4, 2, '1m3tpto9dog4vdtrjhTQvarsdyfIimP7oVPmja28.jpeg', 1),
(96, 'Hoa tam giác mạch nở bừng sáng Simacai giữa mùa hè', 'Mô tả hoa tam giác mạch', '', 2, 2, 'guNPH2ABXC3s25aXOCQ90h9ZvwdJDIAESJFT9xzu.jpeg', 2),
(102, 'Nhật Bản và Thụy Sĩ so tài pháo hoa trên sông Hàn', 'Ngày 20/5, lễ hội pháo hoa quốc tế Đà Nẵng 2017 diễn ra đêm thi thứ 2 đã khiến hàng chục nghìn người mãn nhãn với những màn trình diễn của đội Nhật Bản và Thụy Sĩ.', '', 2, 2, 'v3yr3uBH8SkYCLD12ZfEG7Cs1cGlH4QiKAbbzW0J.jpeg', 2),
(108, 'U20 Việt Nam - U20 Pháp: Rung chuyển vì bộ ba 90 tỷ đồng', '(U20 World Cup) U20 Pháp thể hiện sự vượt trội về trình độ trước U20 Việt Nam.', '<p><strong>HLV Darren Bazeley của U20 New Zealand đ&atilde; c&oacute; những đ&aacute;nh gi&aacute; về cục diện bảng E U20 World Cup 2017.</strong></p>\r\n\r\n<p>Tối 25/5, ngay sau khi&nbsp;<strong>U20 Việt Nam</strong>&nbsp;để thua 0-4 trước&nbsp;<a href=\"http://www.24h.com.vn/u20-viet-nam-du-world-cup-c48e4829.html\">U20</a>&nbsp;Ph&aacute;p, trận đấu c&ograve;n lại ở bảng E&nbsp;<a href=\"http://www.24h.com.vn/u20-viet-nam-du-world-cup-c48e4829.html\">U20 World Cup 2017</a>&nbsp;giữa U20 Honduras v&agrave; U20 New Zealand đ&atilde; diễn ra kh&aacute; hấp dẫn với 4 b&agrave;n thắng được ghi. Kết quả kh&aacute; bất ngờ khi U20 New Zealand &ndash; đội b&oacute;ng bị&nbsp;<a href=\"http://www.24h.com.vn/u20-viet-nam-du-world-cup-c48e4829.html\">U20 Việt Nam</a>&nbsp;cầm h&ograve;a 0-0 ở lượt đấu đầu ti&ecirc;n lại chơi hay v&agrave; gi&agrave;nh chiến thắng 3-1.</p>\r\n\r\n<p>Trả lời truyền th&ocirc;ng sau trận đấu, HLV Carlos Tabora của U20 Honduras cho biết c&aacute;c học tr&ograve; của &ocirc;ng buộc phải qu&ecirc;n đi 2 trận thua 0-3 trước U20 Ph&aacute;p v&agrave; 1-3 trước U20 New Zealand để tập trung cho trận đấu với U20 Việt Nam ở lượt cuối diễn ra ng&agrave;y 28/5 tại Jeonju.</p>\r\n\r\n<p>&ldquo;B&agrave;n thua đầu ti&ecirc;n của ch&uacute;ng t&ocirc;i đến kh&aacute; bất ngờ. Kể từ khi để lọt lưới b&agrave;n thứ 2, c&aacute;c cầu thủ U20 Honduras mất tinh thần, mất li&ecirc;n lạc v&agrave; để thua đ&aacute;ng tiếc trận thứ 2 li&ecirc;n tiếp. Cơ hội đi tiếp của U20 Honduras l&agrave; rất nhỏ sau 2 trận thua.</p>\r\n\r\n<p>Nhưng ch&uacute;ng t&ocirc;i vẫn phải tập trung 100% sức lực cho trận đấu với U20 Việt Nam. Ch&uacute;ng t&ocirc;i đ&atilde; nghi&ecirc;n cứu kh&aacute; kỹ về đối thủ<em>&nbsp;U20 Việt Nam</em>&nbsp;v&agrave; c&aacute;c cầu thủ của t&ocirc;i sẽ nỗ lực hết sức m&igrave;nh để t&igrave;m kiếm điểm số đầu ti&ecirc;n ở U20 World Cup 2017&rdquo;, HLV Carlos Tabora của tuyển U20 Honduras ph&aacute;t biểu.</p>\r\n\r\n<p>Trong khi HLV Darren Bazeley của U20 New Zealand giải th&iacute;ch l&yacute; do c&aacute;c học tr&ograve; của &ocirc;ng c&oacute; một trận đấu hay hơn m&agrave;n tr&igrave;nh diễn ở trận h&ograve;a 0-0 với U20 Việt Nam. &ldquo;Ở trận đấu đầu ti&ecirc;n, c&oacute; lẽ c&aacute;c cầu thủ của t&ocirc;i đ&atilde; c&oacute; ch&uacute;t lo lắng v&agrave; trận mở m&agrave;n n&ecirc;n gặp vấn đề t&acirc;m l&yacute;.</p>\r\n\r\n<p>C&ograve;n ở trận thắng U20 Honduras, ch&uacute;ng t&ocirc;i chơi tốt hơn hẳn, tổ chức tốt hơn, chơi đ&uacute;ng sức m&igrave;nh n&ecirc;n đ&atilde; gi&agrave;nh được kết quả như &yacute; muốn&rdquo;, HLV Darren Bazeley của U20 New Zealand n&oacute;i.</p>', 33, 1, 'VB7wd7Pd7Hc7J21Nb7kt6n7hJ3MaLI8nUPchErxt.jpeg', 0);
INSERT INTO `news` (`id_news`, `name`, `preview_text`, `detail_text`, `id_cat`, `id_user`, `picture`, `numread`) VALUES
(110, 'Vài bước dễ dàng để có nụ cười tuyệt đẹp như sao Hollywood', 'Những lời khuyên từ chuyên gia nha khoa của sao Hollywood sẽ khiến bạn có được bộ răng hoàn hảo.', '<p>Grace Sun l&agrave; một trung t&acirc;m nha khoa rất nổi tiếng ở Los Angeles. Đ&acirc;y l&agrave; địa chỉ tạo n&ecirc;n nụ cười rạng rỡ cho h&agrave;ng loạt ng&ocirc;i sao đ&igrave;nh đ&aacute;m Hollywood như Ellen Page, Jean-Claude Van Damme, Sheryl Crow, Jennifer Love Hewitt,&nbsp;Samuel L. Jackson...&nbsp;</p>\r\n\r\n<p><em>Dưới đ&acirc;y l&agrave; những chia sẻ của nha sĩ Grace Sun để người b&igrave;nh thường cũng c&oacute; h&agrave;m răng chắc khỏe, s&aacute;ng b&oacute;ng như sao:&nbsp;</em></p>\r\n\r\n<p><strong>1. Đừng phụ thuộc qu&aacute; nhiều v&agrave;o nha sĩ&nbsp;</strong></p>\r\n\r\n<p>Theo Grace Sun, nhiều người giao lu&ocirc;n tr&aacute;ch nhiệm cho c&aacute;c nha sĩ để c&oacute; h&agrave;m răng đẹp. Họ nghĩ rằng chỉ cần tới ph&ograve;ng nha l&agrave;m sạch răng v&agrave;i lần trong năm l&agrave; đủ. Thực tế, để c&oacute; răng đẹp, khỏe, bạn n&ecirc;n chăm s&oacute;c ch&uacute;ng cẩn thận ngay tại nh&agrave;, h&agrave;ng ng&agrave;y.&nbsp;</p>\r\n\r\n<p><strong>2. Để &yacute; chế độ ăn&nbsp;</strong></p>\r\n\r\n<p>&quot;Chế độ ăn rất quan trọng, Thực phẩm kh&ocirc;ng th&iacute;ch hợp c&oacute; thể ph&aacute; hủy bộ răng. Chẳng hạn như đồ ăn chứa nhiều acid c&oacute; thể b&agrave;o m&ograve;n răng v&agrave; g&acirc;y ra nhiều vấn đề. Thực phẩm chưa qua tinh chế c&oacute; thể loại bỏ dễ d&agrave;ng khỏi bề mặt răng. Đ&oacute; l&agrave; l&yacute; do tại sao b&aacute;nh m&igrave; nguy&ecirc;n c&aacute;m th&igrave; tốt cho h&agrave;m răng của bạn hơn l&agrave; b&aacute;nh m&igrave; trắng&quot;. - Chuy&ecirc;n gia nha khoa chia sẻ.&nbsp;</p>\r\n\r\n<p><strong>3. Nghĩ kỹ trước khi uống&nbsp;</strong></p>\r\n\r\n<p>Đồ uống c&oacute; cồn sẽ chuyển h&oacute;a th&agrave;nh đường. Nhiều người uống m&agrave; kh&ocirc;ng biết về điều n&agrave;y, đồ uống c&oacute; cồn c&oacute; thể b&agrave;o m&ograve;n, ph&aacute; hủy men v&agrave; cấu tr&uacute;c răng.&nbsp;</p>\r\n\r\n<p><strong>4. C&oacute; hỗn hơp s&uacute;c miệng chứa fluoride</strong></p>\r\n\r\n<p>Chuy&ecirc;n gia nha khoa của sao cho biết c&oacute; hỗn hợp s&uacute;c miệng chứa fluoride ở nh&agrave; sẽ gi&uacute;p bạn l&agrave;m mới h&agrave;m răng hiệu quả tại nh&agrave;. Hỗn hợp n&agrave;y gi&uacute;p răng khỏe, l&agrave;m tr&ocirc;i mảng b&aacute;m. Loại nước s&uacute;c miệng n&agrave;y cũng c&oacute; b&aacute;n rất nhiều ở si&ecirc;u thị với gi&aacute; hợp l&yacute;.&nbsp;</p>\r\n\r\n<p><strong>5. Kh&ocirc;ng d&ugrave;ng răng như dụng cụ&nbsp;</strong></p>\r\n\r\n<p>C&oacute; nhiều trường hợp hỏng răng do d&ugrave;ng răng l&agrave;m dụng cụ để cắn x&eacute; hoặc mở t&uacute;i, mở n&uacute;t chai... L&yacute; do l&agrave; bởi khi d&ugrave;ng răng để mở t&uacute;i chẳng hạn, bạn chỉ d&ugrave;ng một bộ phận của răng, trong khi đ&oacute; h&agrave;m răng hoạt động như một nh&oacute;m. Khi bị chia lẻ như vậy, lực ph&acirc;n bố kh&ocirc;ng đồng đều v&agrave; dễ g&acirc;y ra tổn thương. H&agrave;m răng của con người kh&ocirc;ng phải kim cương, v&igrave; thế ch&uacute;ng ta n&ecirc;n nhẹ nh&agrave;ng với ch&uacute;ng.&nbsp;</p>\r\n\r\n<p><strong>6. Chăm s&oacute;c răng kỹ c&agrave;ng khi c&oacute; thể&nbsp;</strong></p>\r\n\r\n<p>Nước tr&agrave; cũng c&oacute; thể g&acirc;y ố răng, v&igrave; thế&nbsp;Grace Sun cho biết bản th&acirc;n c&ocirc; thường mang theo b&agrave;n chải theo người, đựng n&oacute; trong một chiếc t&uacute;i zip nhỏ. Sau khi ăn hoặc d&ugrave;ng đồ uống c&oacute; m&agrave;u, nữ nha sĩ nổi tiếng thường chải lại răng bằng nước sạch hoặc nước chứa fluoride.&nbsp;</p>\r\n\r\n<p><strong>7. L&agrave;m trắng răng bằng baking soda&nbsp;</strong></p>\r\n\r\n<p>Để h&agrave;m răng trắng hơn m&agrave; kh&ocirc;ng cần d&ugrave;ng c&aacute;c loại m&aacute;ng tẩy hay miếng d&aacute;n đắt tiền, bạn c&oacute; thể d&ugrave;ng muối baking soda. Bạn trộn baking soda với kem đ&aacute;nh răng v&agrave; chải đều, sau đ&oacute; s&uacute;c miệng sạch. Tuy nhi&ecirc;n c&aacute;ch n&agrave;y tuyệt đối kh&ocirc;ng n&ecirc;n lạm dụng v&igrave; c&oacute; thể g&acirc;y ảnh hưởng tới men răng nếu thực hiện qu&aacute; nhiều.&nbsp;</p>', 2, 1, 'fmBKK44FIhfPLsdMNhGvPIDsZ6zLcn8Obo4b6WP4.jpeg', 4);

-- --------------------------------------------------------

--
-- Cấu trúc bảng cho bảng `users`
--

CREATE TABLE `users` (
  `id` int(255) NOT NULL,
  `username` varchar(120) COLLATE utf8_unicode_ci NOT NULL,
  `password` varchar(120) COLLATE utf8_unicode_ci NOT NULL,
  `fullname` varchar(200) COLLATE utf8_unicode_ci NOT NULL
) ENGINE=InnoDB DEFAULT CHARSET=utf8 COLLATE=utf8_unicode_ci;

--
-- Đang đổ dữ liệu cho bảng `users`
--

INSERT INTO `users` (`id`, `username`, `password`, `fullname`) VALUES
(1, 'admin', '$2y$10$3qHPIl0KjLaCpC/9Deg1COF/Lqc.uVhAc5rDZAjA/O8OfRN.jKc86', 'VinaEnter'),
(2, 'admindemo', '$2y$10$iOgN7dJRdQIjcmm0KBHxXe5CD.4YkF/WN8b5ckmrpHHst.rde1OQu', 'VinaTAB EDU'),
(3, 'loanvt', '$2y$10$7lLL2Wzoyt4eucWo6nu.YeaQERbNGgAyXA14bnRC7BMrTpgn8rvRe', 'Loan');

--
-- Chỉ mục cho các bảng đã đổ
--

--
-- Chỉ mục cho bảng `cat`
--
ALTER TABLE `cat`
  ADD PRIMARY KEY (`id_cat`);

--
-- Chỉ mục cho bảng `news`
--
ALTER TABLE `news`
  ADD PRIMARY KEY (`id_news`);

--
-- Chỉ mục cho bảng `users`
--
ALTER TABLE `users`
  ADD PRIMARY KEY (`id`);

--
-- AUTO_INCREMENT cho các bảng đã đổ
--

--
-- AUTO_INCREMENT cho bảng `cat`
--
ALTER TABLE `cat`
  MODIFY `id_cat` int(255) NOT NULL AUTO_INCREMENT, AUTO_INCREMENT=34;
--
-- AUTO_INCREMENT cho bảng `news`
--
ALTER TABLE `news`
  MODIFY `id_news` int(255) NOT NULL AUTO_INCREMENT, AUTO_INCREMENT=111;
--
-- AUTO_INCREMENT cho bảng `users`
--
ALTER TABLE `users`
  MODIFY `id` int(255) NOT NULL AUTO_INCREMENT, AUTO_INCREMENT=4;COMMIT;

/*!40101 SET CHARACTER_SET_CLIENT=@OLD_CHARACTER_SET_CLIENT */;
/*!40101 SET CHARACTER_SET_RESULTS=@OLD_CHARACTER_SET_RESULTS */;
/*!40101 SET COLLATION_CONNECTION=@OLD_COLLATION_CONNECTION */;
